REF,repExporter,cityOfRepExporter,exporter,cityOfExporter,importer,cityOfImporter,repImporter,cityOfrepImporter,Origin,laoding,Discharge,totalAmount,amountToWord,p1name,p1qty,p1unit,p1unitp,p1total,p2name,p2qty,p2unit,p2unitp,p2total,p3name,p3qty,p3unit,p3unitp,p3total,p4name,p4qty,p4unit,p4unitp,p4total,p5name,p5qty,p5unit,p5unitp,p5total,numOfClient,currency,date,
SB1429,A T S HEAVY EQUIPMENT AND MACHINERY SPARE PARTS TRADING LLC,Dubai- UAE,SUD-CHEMIE INDIA PVT. LTD,Gujarat- India,STIRLING BRIDGE GENERAL TRADING,Haikou- China,STIRLING BRIDGE CHEMICALS TRADING L.L.C,Dubai- UAE,Origin:  India,Loading: Gujarat- India,Discharge: Haikou- China,55000,Fifty Five Thousand Dirhams only,Ideabond Building Material Pre-Painted Aluminium Strip,12,TONS,4583.333333,55000,,,,,,,,,,,,,,,,,,,,,,AED,18-Dec-2018,
SB1430,ANA GENERAL TRADING LLC,DUBAI- UNITED ARAB EMIRATES,SZ KETA TECHNOLOGY CO LTD - GUANDONG- CHINA, GUANDONG- CHINA,STIRLING BRIDGE GENERAL TRADING,Haikou- China,STIRLING BRIDGE CHEMICALS TRADING L.L.C,Dubai- UAE,Origin:  CHINA,Loading:  GUANDONG- CHINA,Discharge: Haikou- China,248671,Two Hundred Forty Eight Thousand Six Hundred Seventy One Dirhams only,Light Steel Structure Prefabricated Carport  Warehouse  Workshop (Q345B/Q235B),9946,SQUARE METERS,25.0021114,248671,,,,,,,,,,,,,,,,,,,,,18.1,AED,18-Dec-2018,
SB1463,APEX TECHNOLOGY FZCO,Dubai- UAE,SUD-CHEMIE INDIA PVT. LTD,Gujarat- India,STIRLING BRIDGE GENERAL TRADING,Haikou- China,STIRLING BRIDGE CHEMICALS TRADING L.L.C,Dubai- UAE,Origin:  India,Loading: Gujarat- India,Discharge: Haikou- China,1828466,One Million Eight Hundred Twenty Eight Thousand Four Hundred Sixty Six Dirhams only,Powder Coating Aluminium Alloy Extrusion Profile,498,TONS,817.4386921,407084.4687,FRP Pultruded Box Section  FRP/GRP Pultrusion Profiles  Fiberglass Profiles,31585,MS,9.536784741,301219.346,Corrugated Galvanized Steel Sheet Roofing Sheet,1909,TONS,TONS,1120162.185,,,,,,,,,,,,AED,28-Dec-2018,
SB1447,AVRASYA TRADING FZE,Dubai- UAE,ACT SINO INTERNATIONAL LIMITED,Hong Kong- China,STIRLING BRIDGE GENERAL TRADING,Haikou- China,STIRLING BRIDGE CHEMICALS TRADING L.L.C,Dubai- UAE,Origin:  China,Loading: Hong Kong- China,Discharge: Haikou- China,288801,Two Hundred Eighty Eight Thousand Eight Hundred One Dirhams only,Prefabricated House Fireproof Magnesium Oxide MGO Board,14440,PCS,20.00006925,288801,,,,,,,,,,,,,,,,,,,,,,AED,24-Dec-2018,
SB1416,BEAUTY SKY SERVICES LLC,Dubai- UAE,ACT SINO INTERNATIONAL LIMITED,Hong Kong- China,STIRLING BRIDGE GENERAL TRADING,Haikou- China,STIRLING BRIDGE CHEMICALS TRADING L.L.C,Dubai- UAE,Origin:  China,Loading: Hong Kong- China,Discharge: Haikou- China,266550,Two Hundred Sixty Six Thousand Five Hundred Fifty Dirhams only,Galvanized Angle Bar,313,TONS,851.5974441,266550,,,,,,,,,,,,,,,,,,,,,,AED,10-Dec-2018,
SB1453,BEYZADE PETRA OLIUM EQUIPMENT FZE,Dubai- UAE,ACT SINO INTERNATIONAL LIMITED,Hong Kong- China,STIRLING BRIDGE GENERAL TRADING,Haikou- China,STIRLING BRIDGE CHEMICALS TRADING L.L.C,Dubai- UAE,Origin:  China,Loading: Hong Kong- China,Discharge: Haikou- China,1000000,One Million Dirhams only,PVDF Aluminum Wall Panel for Facade/ Cladding/ Roofing/ Decorative,3096,SQUARE METERS,9.536784741,29525.88556,Pre Painted Galvanized Corrugated Steel Sheet,970,TONS,1000.488778,970474.1144,,,,,,,,,,,,,,,,,AED,25-Dec-2018,
SB1454,C STAR GENERAL TRADING LLC,Dubai- UAE,ACT SINO INTERNATIONAL LIMITED,Hong Kong- China,STIRLING BRIDGE GENERAL TRADING,Haikou- China,STIRLING BRIDGE CHEMICALS TRADING L.L.C,Dubai- UAE,Origin:  China,Loading: Hong Kong- China,Discharge: Haikou- China,250000,Two Hundred Fifty Thousand Dirhams only,Q345 Large Span Steel Structure,4545,M3,55.00550055,250000,,,,,,,,,,,,,,,,,,,,,,AED,25-Dec-2018,
SB1415,CHEMI TECHNO FZE,Dubai- UAE,ACT SINO INTERNATIONAL LIMITED,Hong Kong- China,STIRLING BRIDGE GENERAL TRADING,Haikou- China,STIRLING BRIDGE CHEMICALS TRADING L.L.C,Dubai- UAE,Origin:  China,Loading: Hong Kong- China,Discharge: Haikou- China,1480000,One Million Four Hundred Eighty Thousand Dirhams only,Hot Prime Galvanized Steel Roofing Sheet,447,TONS,204.359673,91348.77384,Quartz Stone Solid Surface,11572,SQUARE METERS,120.0009701,1388651.226,,,,,,,,,,,,,,,,,AED,9-Dec-2018,
SB1475,CHEMI TECHNO FZE,Dubai- UAE,SUD-CHEMIE INDIA PVT. LTD,Gujarat- India,STIRLING BRIDGE GENERAL TRADING,Haikou- China,STIRLING BRIDGE CHEMICALS TRADING L.L.C,Dubai- UAE,Origin:  India,Loading: Gujarat- India,Discharge: Haikou- China,2457216,Two Million Four Hundred Fifty Seven Thousand Two Hundred Sixteen Dirhams only,201 304 316 Stainless Steel Plate,149,TONS,177.1117166,26389.64578,Quality Industrial Aluminum Extrusion Profiles,960,TONS,2532.110786,2430826.354,,,,,,,,,,,,,,,,,AED,1-Jan-2019,
SB1469,CIS PETRO LLC,Dubai- UAE,ACT SINO INTERNATIONAL LIMITED,Hong Kong- China,STIRLING BRIDGE GENERAL TRADING,Haikou- China,STIRLING BRIDGE CHEMICALS TRADING L.L.C,Dubai- UAE,Origin:  China,Loading: Hong Kong- China,Discharge: Haikou- China,121446,One Hundred Twenty One Thousand Four Hundred Forty Six Dirhams only,Quartz Stone Solid Surface,1012,SQUARE METERS,120.0059289,121446,,,,,,,,,,,,,,,,,,,,,,AED,29-Dec-2018,
SB1405,DELTACHEM MIDDLE EAST LLC,Dubai- UAE,SUD-CHEMIE INDIA PVT. LTD,Gujarat- India,STIRLING BRIDGE GENERAL TRADING,Haikou- China,STIRLING BRIDGE CHEMICALS TRADING L.L.C,Dubai- UAE,Origin:  India,Loading: Gujarat- India,Discharge: Haikou- China,995793,Nine Hundred Ninety Five Thousand Seven Hundred Ninety Three Dirhams only,PVDF 3003h24 Aluminium Coated Wooden Prepainted Aluminum Alloy Sheet,175,TONS,1089.918256,190735.6948,Composite Reinforcement Floor Decking Sheet,1006,TONS,800.2557706,805057.3052,,,,,,,,,,,,,,,,,AED,8-Dec-2018,
SB1455,DIAGRAM GENERAL TRADING LLC,Dubai- UAE,SUD-CHEMIE INDIA PVT. LTD,Gujarat- India,STIRLING BRIDGE GENERAL TRADING,Haikou- China,STIRLING BRIDGE CHEMICALS TRADING L.L.C,Dubai- UAE,Origin:  India,Loading: Gujarat- India,Discharge: Haikou- China,1000000,One Million Dirhams only,Countertop Material Engineered Artificial Crystal Quartz Stone Slab,7337,PCS,12.80653951,93961.58038,Electrophotetic Coating Black Aluminium Profile,335,TONS,2704.592297,906038.4196,,,,,,,,,,,,,,,,,AED,25-Dec-2018,
SB1464,ENDEAVOR TRADING FZE,Ajman- UAE,Refarmed Chemicals Switzerland,Lugano- Switzerland,STIRLING BRIDGE GENERAL TRADING,Haikou- China,STIRLING BRIDGE CHEMICALS TRADING L.L.C,Dubai- UAE,Origin:  Switzerland,Loading: Lugano- Switzerland,Discharge: Haikou- China,360000,Three Hundred Sixty Thousand Dirhams only,Corrugated PPGI Steel Roofing Sheet,553,YARDS,650.994575,360000,,,,,,,,,,,,,,,,,,,,,,AED,28-Dec-2018,
SB1470,FIVE STARS ELECTRICAL AND MECHANICAL EQUIPMENTS CO LLC,Sharjah- UAE,Refarmed Chemicals Switzerland,Lugano- Switzerland,STIRLING BRIDGE GENERAL TRADING,Haikou- China,STIRLING BRIDGE CHEMICALS TRADING L.L.C,Dubai- UAE,Origin:  Switzerland,Loading: Lugano- Switzerland,Discharge: Haikou- China,126247,One Hundred Twenty Six Thousand Two Hundred Forty Seven Dirhams only,Wrinkle PPGI,168,TONS,751.4702381,126247,,,,,,,,,,,,,,,,,,,,,,AED,29-Dec-2018,
SB1443,FNSA FUEL LTD FZC,Fujairah- UAE,SUD-CHEMIE INDIA PVT. LTD,Gujarat- India,STIRLING BRIDGE GENERAL TRADING,Haikou- China,STIRLING BRIDGE CHEMICALS TRADING L.L.C,Dubai- UAE,Origin:  India,Loading: Gujarat- India,Discharge: Haikou- China,384213,Three Hundred Eighty Four Thousand Two Hundred Thirteen Dirhams only,Aluminium Bi-Fold Door and Glass Accordion Door,1097,PCS,350.2397448,384213,,,,,,,,,,,,,,,,,,,,,,AED,22-Dec-2018,
SB1406,GERMAN COMMODITY TRADING DMCC,Dubai- UAE,Refarmed Chemicals Switzerland,Lugano- Switzerland,STIRLING BRIDGE GENERAL TRADING,Haikou- China,STIRLING BRIDGE CHEMICALS TRADING L.L.C,Dubai- UAE,Origin:  Switzerland,Loading: Lugano- Switzerland,Discharge: Haikou- China,657000,Six Hundred Fifty Seven Thousand Dirhams only,New Paneling Veins Series Artificial Quartz Slab Stone,10133,PCS,12.80653951,129768.6649,Fiberglass/FRP/Plastic Grids,21089,SQUARE METERS,25.0003004,527231.3351,,,,,,,,,,,,,,,,,AED,8-Dec-2018,
SB1423,GOLDEN TRUST BUILDING MATERIALS TRADING LLC,Dubai- UAE,Refarmed Chemicals Switzerland,Lugano- Switzerland,STIRLING BRIDGE GENERAL TRADING,Haikou- China,STIRLING BRIDGE CHEMICALS TRADING L.L.C,Dubai- UAE,Origin:  Switzerland,Loading: Lugano- Switzerland,Discharge: Haikou- China,373125,Three Hundred Seventy Three Thousand One Hundred Twenty Five Dirhams only,201 304 316 Stainless Steel Plate,574,TONS,650.043554,373125,,,,,,,,,,,,,,,,,,,,,,AED,17-Dec-2018,
SB1461,GULF TURBO REPAIR & SERVICES FZC,Dubai- UAE,ACT SINO INTERNATIONAL LIMITED,Hong Kong- China,STIRLING BRIDGE GENERAL TRADING,Haikou- China,STIRLING BRIDGE CHEMICALS TRADING L.L.C,Dubai- UAE,Origin:  China,Loading: Hong Kong- China,Discharge: Haikou- China,33087,Thirty Three Thousand Eighty Seven Dirhams only,PVC Coating Galvanized Stainless Steel Welded Wire Mesh,1140,PCS,29.02368421,33087,,,,,,,,,,,,,,,,,,,,,,AED,27-Dec-2018,
SB1476,INTERTRADE GENERAL TRADING LLC,Dubai- UAE,Refarmed Chemicals Switzerland,Lugano- Switzerland,STIRLING BRIDGE GENERAL TRADING,Haikou- China,STIRLING BRIDGE CHEMICALS TRADING L.L.C,Dubai- UAE,Origin:  Switzerland,Loading: Lugano- Switzerland,Discharge: Haikou- China,438900,Four Hundred Thirty Eight Thousand Nine Hundred Dirhams only,Corrugated Steel Sheet/Roofing Tiles,498,TONS,881.3253012,438900,,,,,,,,,,,,,,,,,,,,,,AED,1-Jan-2019,
SB1444,KONG STAR FZE,Dubai- UAE,Refarmed Chemicals Switzerland,Lugano- Switzerland,STIRLING BRIDGE GENERAL TRADING,Haikou- China,STIRLING BRIDGE CHEMICALS TRADING L.L.C,Dubai- UAE,Origin:  Switzerland,Loading: Lugano- Switzerland,Discharge: Haikou- China,684540,Six Hundred Eighty Four Thousand Five Hundred Forty Dirhams only,Gal Aluminium Windows and Doors,2545,SETS,19.07356948,48542.23433,Hot Rolled Prime Steel Prouducts Steel H Beam,1059,TONS,600.5644624,635997.7657,,,,,,,,,,,,,,,,,AED,23-Dec-2018,
SB1457,LIFE PHARMA GENERAL TRADING LLC,Dubai- UAE,Refarmed Chemicals Switzerland,Lugano- Switzerland,STIRLING BRIDGE GENERAL TRADING,Haikou- China,STIRLING BRIDGE CHEMICALS TRADING L.L.C,Dubai- UAE,Origin:  Switzerland,Loading: Lugano- Switzerland,Discharge: Haikou- China,332608,Three Hundred Thirty Two Thousand Six Hundred Eight Dirhams only,Ringlock System Scaffold Lattice Girder O-Type HDG,3326,PCS,100.0024053,332608,,,,,,,,,,,,,,,,,,,,,,AED,25-Dec-2018,
SB1400,LIGHT SHINE MIDDLE EAST SAFETY EQUIPMENT TRADING LLC,Dubai- UAE,Refarmed Chemicals Switzerland,Lugano- Switzerland,STIRLING BRIDGE GENERAL TRADING,Haikou- China,STIRLING BRIDGE CHEMICALS TRADING L.L.C,Dubai- UAE,Origin:  Switzerland,Loading: Lugano- Switzerland,Discharge: Haikou- China,71397,Seventy One Thousand Three Hundred Ninety Seven Dirhams only,Hot Dipped Corrugated Metal Roofing Roof Galvalume Galvanized Prepainted Color Coated PPGI,71,TONS,1005.591549,71397,,,,,,,,,,,,,,,,,,,,,,AED,6-Dec-2018,
SB1458,MAPLE LEAF GENERAL TRADING LLC,Dubai- UAE,Refarmed Chemicals Switzerland,Lugano- Switzerland,STIRLING BRIDGE GENERAL TRADING,Haikou- China,STIRLING BRIDGE CHEMICALS TRADING L.L.C,Dubai- UAE,Origin:  Switzerland,Loading: Lugano- Switzerland,Discharge: Haikou- China,1433783,One Million Four Hundred Thirty Three Thousand Seven Hundred Eighty Three Dirhams only,Wrought Iron Doors Entrance Doors Design,282,SETS,762.9427793,215149.8638,Hollow Stone Pillar Granite Roman Column,1624,PCS,750.3898622,1218633.136,,,,,,,,,,,,,,,,,AED,25-Dec-2018,
SB1465,METACHEM FZE,Ajman- UAE,SUD-CHEMIE INDIA PVT. LTD,Gujarat- India,STIRLING BRIDGE GENERAL TRADING,Haikou- China,STIRLING BRIDGE CHEMICALS TRADING L.L.C,Dubai- UAE,Origin:  India,Loading: Gujarat- India,Discharge: Haikou- China,802763,Eight Hundred Two Thousand Seven Hundred Sixty Three Dirhams only,2017آ Buildingآ Materialآ Rapid Rolling High Speed Roller Shutter Doors (Hz-FC061),668,PCS,1201.741018,802763,,,,,,,,,,,,,,,,,,,,,,AED,28-Dec-2018,
SB1472,METROMAC MARINE AUTOMATION,Dubai- UAE,SUD-CHEMIE INDIA PVT. LTD,Gujarat- India,STIRLING BRIDGE GENERAL TRADING,Haikou- China,STIRLING BRIDGE CHEMICALS TRADING L.L.C,Dubai- UAE,Origin:  India,Loading: Gujarat- India,Discharge: Haikou- China,663407,Six Hundred Sixty Three Thousand Four Hundred Seven Dirhams only,Fully Automatic Reinforced Lintel Machine,50,SETS,2452.316076,122615.8038,201 304 316 Stainless Steel Plate,831,TONS,650.7715959,540791.1962,,,,,,,,,,,,,,,,,AED,30-Dec-2018,
SB1417,MYRILGULF INTERNATIONAL FZE,Ajman- UAE,SUD-CHEMIE INDIA PVT. LTD,Gujarat- India,STIRLING BRIDGE GENERAL TRADING,Haikou- China,STIRLING BRIDGE CHEMICALS TRADING L.L.C,Dubai- UAE,Origin:  India,Loading: Gujarat- India,Discharge: Haikou- China,211674,Two Hundred Eleven Thousand Six Hundred Seventy Four Dirhams only,Deformed Steel Bar HRB335 HRB400 HRB500 Steel Rebar Rod Reinforcement Bar,352,TONS,601.3465909,211674,,,,,,,,,,,,,,,,,,,,,,AED,10-Dec-2018,
SB1411,NOBLEFU GENERAL TRADING LLC,Dubai- UAE,Refarmed Chemicals Switzerland,Lugano- Switzerland,STIRLING BRIDGE GENERAL TRADING,Haikou- China,STIRLING BRIDGE CHEMICALS TRADING L.L.C,Dubai- UAE,Origin:  Switzerland,Loading: Lugano- Switzerland,Discharge: Haikou- China,1000000,One Million Dirhams only,Competitive Price Steel Structureآ Constructionآ Hangar,9325,SQUARE METERS,21.79836512,203269.7548,T3-T8 Aluminium Extrusion and Profile,284,TONS,2805.388187,796730.2452,,,,,,,,,,,,,,,,,AED,8-Dec-2018,
SB1420,ONTRACKING FZCO,Dubai- UAE,SUD-CHEMIE INDIA PVT. LTD,Gujarat- India,STIRLING BRIDGE GENERAL TRADING,Haikou- China,STIRLING BRIDGE CHEMICALS TRADING L.L.C,Dubai- UAE,Origin:  India,Loading: Gujarat- India,Discharge: Haikou- China,387613,Three Hundred Eighty Seven Thousand Six Hundred Thirteen Dirhams only,"Q235B Prime Building Materials Welded Profile H Shape Steel Beam
",484,TONS,800.8533058,387613,,,,,,,,,,,,,,,,,,,,,,AED,13-Dec-2018,
SB1431,OROPAY TRADING LLC,Dubai- UAE,Refarmed Chemicals Switzerland,Lugano- Switzerland,STIRLING BRIDGE GENERAL TRADING,Haikou- China,STIRLING BRIDGE CHEMICALS TRADING L.L.C,Dubai- UAE,Origin:  Switzerland,Loading: Lugano- Switzerland,Discharge: Haikou- China,538450,Five Hundred Thirty Eight Thousand Four Hundred Fifty Dirhams only,High Corrosion Resistant Aluminum Magnesium Manganese Buildingآ Materialآ Roof Plate,23410,MS,23.00085434,538450,,,,,,,,,,,,,,,,,,,,,,AED,18-Dec-2018,
SB1412,ORTA ASIA GENERAL TRADING FZE,RAS AL KHAIMAH- UNITED ARAB EMIRATES,ANADOLU EFES BIRACILIK VE MALT SANAYII AS - ISTANBUL- TURKEY, Istanbul- Turkey,STIRLING BRIDGE GENERAL TRADING,Haikou- China,STIRLING BRIDGE CHEMICALS TRADING L.L.C,Dubai- UAE,Origin:  Turkey,Loading:  Istanbul- Turkey,Discharge: Haikou- China,404000,Four Hundred Four Thousand Dirhams only,Corrugated Prime Cold Rolled Hot Dipped Zinc Prepainted Color Coated PPGI PPGL Galvalume Galvanized Steel Sheet,448,TONS,901.7857143,404000,,,,,,,,,,,,,,,,,,,,,15.8,AED,8-Dec-2018,
SB1449,ORTA ASIA GENERAL TRADING FZE,RAS AL KHAIMAH- UNITED ARAB EMIRATES,ANADOLU EFES BIRACILIK VE MALT SANAYII AS - ISTANBUL- TURKEY, Istanbul- Turkey,STIRLING BRIDGE GENERAL TRADING,Haikou- China,STIRLING BRIDGE CHEMICALS TRADING L.L.C,Dubai- UAE,Origin:  Turkey,Loading:  Istanbul- Turkey,Discharge: Haikou- China,1600000,One Million Six Hundred Thousand Dirhams only,Powder Coating Aluminium Alloy Extrusion Profile,29,TONS,817.4386921,23705.72207,Galvanized Round Steel Pipe,2318,TONS,680.0234158,1576294.278,,,,,,,,,,,,,,,,15.8,AED,24-Dec-2018,
SB1442,POLY CHEMICALS TRADING DMCC,Dubai- UAE,SUD-CHEMIE INDIA PVT. LTD,Gujarat- India,STIRLING BRIDGE GENERAL TRADING,Haikou- China,STIRLING BRIDGE CHEMICALS TRADING L.L.C,Dubai- UAE,Origin:  India,Loading: Gujarat- India,Discharge: Haikou- China,1000000,One Million Dirhams only,Corrugated Galvanized Steel Sheet Roofing Sheet,183,TONS,217.9836512,39891.00817,Gal Aluminium Windows and Doors,13715,SETS,70.00430126,960108.9918,,,,,,,,,,,,,,,,,AED,21-Dec-2018,
SB1401,SILICONPLAST COMPOUNDING SOLUTIONS FZE,Dubai- UAE,SUD-CHEMIE INDIA PVT. LTD,Gujarat- India,STIRLING BRIDGE GENERAL TRADING,Haikou- China,STIRLING BRIDGE CHEMICALS TRADING L.L.C,Dubai- UAE,Origin:  India,Loading: Gujarat- India,Discharge: Haikou- China,290164,Two Hundred Ninety Thousand One Hundred Sixty Four Dirhams only,Corrugated Galvanized Steel Sheet Roofing Sheet,362,TONS,801.558011,290164,,,,,,,,,,,,,,,,,,,,,,AED,6-Dec-2018,
SB1392,STAR INTERNATIONAL FZE,DUBAI- UNITED ARAB EMIRATES,ZEOCHEM AG - SEESTRASSE- SWITZERLAND, SEESTRASSE- SWITZERLAND,STIRLING BRIDGE GENERAL TRADING,Haikou- China,STIRLING BRIDGE CHEMICALS TRADING L.L.C,Dubai- UAE,Origin:  SWITZERLAND,Loading:  SEESTRASSE- SWITZERLAND,Discharge: Haikou- China,559050,Five Hundred Fifty Nine Thousand Fifty Dirhams only,FRP Pultruded Box Section  FRP/GRP Pultrusion Profiles  Fiberglass Profiles,15972,MS,35.00187829,559050,,,,,,,,,,,,,,,,,,,,,8.STAR INTERNATIONAL FZE,AED,3-Dec-2018,
SB1393,STAR INTERNATIONAL FZE,DUBAI- UNITED ARAB EMIRATES,ZEOCHEM AG - SEESTRASSE- SWITZERLAND, SEESTRASSE- SWITZERLAND,STIRLING BRIDGE GENERAL TRADING,Haikou- China,STIRLING BRIDGE CHEMICALS TRADING L.L.C,Dubai- UAE,Origin:  SWITZERLAND,Loading:  SEESTRASSE- SWITZERLAND,Discharge: Haikou- China,525340,Five Hundred Twenty Five Thousand Three Hundred Forty Dirhams only,Calacatta White Color Quartz STONSe Slabs Tiles/Engineered STONSe/Buildingآ Material/Artificial Quartz STONSe,4775,SQUARE METERS,110.0188482,525340,,,,,,,,,,,,,,,,,,,,,8.STAR INTERNATIONAL FZE,AED,3-Dec-2018,
SB1427,SUCCESS TOOL TRADING LLC,Dubai- UAE,ACT SINO INTERNATIONAL LIMITED,Hong Kong- China,STIRLING BRIDGE GENERAL TRADING,Haikou- China,STIRLING BRIDGE CHEMICALS TRADING L.L.C,Dubai- UAE,Origin:  China,Loading: Hong Kong- China,Discharge: Haikou- China,60960,Sixty Thousand Nine Hundred Sixty Dirhams only,Fireproof Soundproof Spraying Cottonthermal Insulation,135,TONS,451.5555556,60960,,,,,,,,,,,,,,,,,,,,,,AED,17-Dec-2018,
SB1413,SUROOH TRADING FZE,Dubai- UAE,Refarmed Chemicals Switzerland,Lugano- Switzerland,STIRLING BRIDGE GENERAL TRADING,Haikou- China,STIRLING BRIDGE CHEMICALS TRADING L.L.C,Dubai- UAE,Origin:  Switzerland,Loading: Lugano- Switzerland,Discharge: Haikou- China,2000000,Two Million Dirhams only,Aluminium Bi-Fold Door and Glass Accordion Door,2463,PCS,95.36784741,234891.0082,Wrought Iron Doors Entrance Doors Design,630,SETS,2801.760304,1765108.992,,,,,,,,,,,,,,,,,AED,8-Dec-2018,
SB1477,,,THAI HUA RUBBER PUBLIC COMPANY LIMITED,Bangkok- Thailand,STIRLING BRIDGE GENERAL TRADING,Haikou- China,STIRLING BRIDGE CHEMICALS TRADING L.L.C,Dubai- UAE,Origin:  Thailand,Loading: Bangkok- Thailand,Discharge: Haikou- China,341860,Three Hundred Forty One Thousand Eight Hundred Sixty Dirhams only,Building Construction Material Steel Frabrication Structure,3798,SETS,90.01053186,341860,,,,,,,,,,,,,,,,,,,,,,AED,1-Jan-2019,
SB1428,TOP GRADE GENERAL TRADING LLC,Dubai- UAE,Refarmed Chemicals Switzerland,Lugano- Switzerland,STIRLING BRIDGE GENERAL TRADING,Haikou- China,STIRLING BRIDGE CHEMICALS TRADING L.L.C,Dubai- UAE,Origin:  Switzerland,Loading: Lugano- Switzerland,Discharge: Haikou- China,1100000,One Million One Hundred Thousand Dirhams only,Aluminum Curtain Wall Panel,2960,SQUARE METERS,16.34877384,48392.37057,Cold Rolled Metal Roof Sheet Galvalume Galvanized Prepainted Steel Coil PPGI,1051,TONS,1000.578144,1051607.629,,,,,,,,,,,,,,,,,AED,17-Dec-2018,
SB1402,TOURANTO FLAVOURS & FRAGRANCES FZE,Ajman- UAE,SUD-CHEMIE INDIA PVT. LTD,Gujarat- India,STIRLING BRIDGE GENERAL TRADING,Haikou- China,STIRLING BRIDGE CHEMICALS TRADING L.L.C,Dubai- UAE,Origin:  India,Loading: Gujarat- India,Discharge: Haikou- China,137190,One Hundred Thirty Seven Thousand One Hundred Ninety Dirhams only,FRP/GRP Gratings  Fiberglass Gratings  FRP Molded Gratings  Transparent Grating,1399,SQUARE METERS,98.06290207,137190,,,,,,,,,,,,,,,,,,,,,,AED,6-Dec-2018,
SB1421,ULTIMATE PRIDE PAPER TRADING LLC,Dubai- UAE,ACT SINO INTERNATIONAL LIMITED,Hong Kong- China,STIRLING BRIDGE GENERAL TRADING,Haikou- China,STIRLING BRIDGE CHEMICALS TRADING L.L.C,Dubai- UAE,Origin:  China,Loading: Hong Kong- China,Discharge: Haikou- China,1279987,One Million Two Hundred Seventy Nine Thousand Nine Hundred Eighty Seven Dirhams only,Green Building Material Exterior Paving Use Plastic Skirted Wood Decking,21056,SQUARE METERS,8.991825613,189331.8801,Cold Rolled Metal Roof Sheet Galvalume Galvanized Prepainted Steel Coil PPGI,1090,TONS,1000.601027,1090655.12,,,,,,,,,,,,,,,,,AED,14-Dec-2018,
SB1414,UNICA FZE,RAK- UAE,ACT SINO INTERNATIONAL LIMITED,Hong Kong- China,STIRLING BRIDGE GENERAL TRADING,Haikou- China,STIRLING BRIDGE CHEMICALS TRADING L.L.C,Dubai- UAE,Origin:  China,Loading: Hong Kong- China,Discharge: Haikou- China,201321,Two Hundred One Thousand Three Hundred Twenty One Dirhams only,Decoration Materials Wall Panel Acoustic Panel Building Panel Fireproof Board,4026,SQUARE METERS,50.0052161,201321,,,,,,,,,,,,,,,,,,,,,,AED,8-Dec-2018,
SB1468,WATRIN TRADING DWC LLC,Dubai- UAE,Refarmed Chemicals Switzerland,Lugano- Switzerland,STIRLING BRIDGE GENERAL TRADING,Haikou- China,STIRLING BRIDGE CHEMICALS TRADING L.L.C,Dubai- UAE,Origin:  Switzerland,Loading: Lugano- Switzerland,Discharge: Haikou- China,378999,Three Hundred Seventy Eight Thousand Nine Hundred Ninety Nine Dirhams only,ANSI Certifiedآ Buildingآ Material/Constructionآ High Quality Fire Retardant Safety Netting (CSSN),7288,PCS,52.00315587,378999,,,,,,,,,,,,,,,,,,,,,,AED,28-Dec-2018,
SB1473,WORLD MARINE FZE,Dubai- UAE,Refarmed Chemicals Switzerland,Lugano- Switzerland,STIRLING BRIDGE GENERAL TRADING,Haikou- China,STIRLING BRIDGE CHEMICALS TRADING L.L.C,Dubai- UAE,Origin:  Switzerland,Loading: Lugano- Switzerland,Discharge: Haikou- China,7376,Seven Thousand Three Hundred Seventy Six Dirhams only,FRP/GRP Gratings  Fiberglass Gratings  FRP Molded Gratings  Transparent Grating,75,SQUARE METERS,98.34666667,7376,,,,,,,,,,,,,,,,,,,,,,AED,30-Dec-2018,
SB1480,,,A.C INTERNATIONAL TRADING COMPANY LIMITED,Hong Kong- China,STIRLING BRIDGE GENERAL TRADING,Haikou- China,STIRLING BRIDGE CHEMICALS TRADING L.L.C,Dubai- UAE,Origin:  China,Loading: Hong Kong- China,Discharge: Haikou- China,584040,Five Hundred Eighty Four Thousand Forty Euros only,Aluminium Sliding Door Security Doors with Double Glazing,5371,SQUARE METERS,112.3595506,603483.1461,T Lintel  Hot Dipped Galvanize  Z500G/M2,-19,TONS,1023.323477,-19443.14607,,,,,,,,,,,,,,,,,EURO,21-Dec-2018,
SB1488,,,AGT ITALIA SAS,Bergamo BG- Italy,STIRLING BRIDGE GENERAL TRADING,Haikou- China,STIRLING BRIDGE CHEMICALS TRADING L.L.C,Dubai- UAE,Origin:  Italy,Loading: Bergamo BG- Italy,Discharge: Haikou- China,31087,Thirty One Thousand Eighty Seven Euros only,Aluminium Tilt & Turn Window,310,SQUARE METERS,100.2806452,31087,,,,,,,,,,,,,,,,,,,,,,EURO,28-Dec-2018,
SB1485,BEHTA TRADING FZE,Sharjah- UAE,SUD-CHEMIE INDIA PVT. LTD,Gujarat- India,STIRLING BRIDGE GENERAL TRADING,Haikou- China,STIRLING BRIDGE CHEMICALS TRADING L.L.C,Dubai- UAE,Origin:  India,Loading: Gujarat- India,Discharge: Haikou- China,87858,Eighty Seven Thousand Eight Hundred Fifty Eight Euros only,House Gate Interior Wooden Doors,439,PCS,200.1321185,87858,,,,,,,,,,,,,,,,,,,,,,EURO,27-Dec-2018,
SB1492,,,DURKO اEVRE ENERJI TEKNIGI VE TICARET A.S.,Istanbul- Turkey,STIRLING BRIDGE GENERAL TRADING,Haikou- China,STIRLING BRIDGE CHEMICALS TRADING L.L.C,Dubai- UAE,Origin:  Turkey,Loading: Istanbul- Turkey,Discharge: Haikou- China,74289,Seventy Four Thousand Two Hundred Eighty Nine Euros only,Hot Dipped Galvanized Steel (Hot rolled/Cold rolled) Coil,165,TONS,450.2363636,74289,,,,,,,,,,,,,,,,,,,,,,EURO,28-Dec-2018,
SB1482,,,EPOKA A/S,Svenstrup- Denmark,STIRLING BRIDGE GENERAL TRADING,Haikou- China,STIRLING BRIDGE CHEMICALS TRADING L.L.C,Dubai- UAE,Origin:  Denmark,Loading: Svenstrup- Denmark,Discharge: Haikou- China,291100,Two Hundred Ninety One Thousand One Hundred Euros only,Brick Force Wire Mesh Welding Machine,11,SETS,13483.14607,148314.6067,Aluminum Panels,2379,SQUARE METERS,60.01908081,142785.3933,,,,,,,,,,,,,,,,,EURO,23-Dec-2018,
SB1483,,,EPOKA A/S,Svenstrup- Denmark,STIRLING BRIDGE GENERAL TRADING,Haikou- China,STIRLING BRIDGE CHEMICALS TRADING L.L.C,Dubai- UAE,Origin:  Denmark,Loading: Svenstrup- Denmark,Discharge: Haikou- China,142218,One Hundred Forty Two Thousand Two Hundred Eighteen Euros only,100X100mm Carbon Steel Square Tube,218,TONS,652.3761468,142218,,,,,,,,,,,,,,,,,,,,,,EURO,23-Dec-2018,
SB1486,,,ISHA FOUNDATION,Tamil Nadu- India,STIRLING BRIDGE GENERAL TRADING,Haikou- China,STIRLING BRIDGE CHEMICALS TRADING L.L.C,Dubai- UAE,Origin:  India,Loading: Tamil Nadu- India,Discharge: Haikou- China,6670,Six Thousand Six Hundred Seventy Euros only,Smoke Density Tester,3,PCS,2223.333333,6670,,,,,,,,,,,,,,,,,,,,,,EURO,27-Dec-2018,
SB1481,,,LOVATO GAS SPA,Vicenza- Italy,STIRLING BRIDGE GENERAL TRADING,Haikou- China,STIRLING BRIDGE CHEMICALS TRADING L.L.C,Dubai- UAE,Origin:  Italy,Loading: Vicenza- Italy,Discharge: Haikou- China,114600,One Hundred Fourteen Thousand Six Hundred Euros only,Fabrication Painted/Galvanized Steel,4584,SQUARE METERS,28.08988764,114600,,,,,,,,,,,,,,,,,,,,,,EURO,21-Dec-2018,
SB1493,,,ROBEMA NV,Antwerp- Belgium,STIRLING BRIDGE GENERAL TRADING,Haikou- China,STIRLING BRIDGE CHEMICALS TRADING L.L.C,Dubai- UAE,Origin:  Belgium,Loading: Antwerp- Belgium,Discharge: Haikou- China,56800,Fifty Six Thousand Eight Hundred Euros only,Acoustic Decorative Ceiling Tiles,1136,SQUARE METERS,56.17977528,56800,,,,,,,,,,,,,,,,,,,,,,EURO,28-Dec-2018,
SB1484,,,SIVANTOS PTE LTD,Singapore,STIRLING BRIDGE GENERAL TRADING,Haikou- China,STIRLING BRIDGE CHEMICALS TRADING L.L.C,Dubai- UAE,Origin: Singapore,Loading: Singapore,Discharge: Haikou- China,104030,One Hundred Four Thousand Thirty Euros only,Q235 Rectangular Steel Tube,160,TONS,650.1875,104030,,,,,,,,,,,,,,,,,,,,,,EURO,23-Dec-2018,
SB1487,,,SIVANTOS PTE LTD,Singapore,STIRLING BRIDGE GENERAL TRADING,Haikou- China,STIRLING BRIDGE CHEMICALS TRADING L.L.C,Dubai- UAE,Origin: Singapore,Loading: Singapore,Discharge: Haikou- China,57920,Fifty Seven Thousand Nine Hundred Twenty Euros only,Large Span Steel Structure H Beamآ Buildingآ Material,1158,SQUARE METERS,50.01727116,57920,,,,,,,,,,,,,,,,,,,,,,EURO,27-Dec-2018,
SB1494,,,TBIO CROP SCIENCE,Xi An- China,STIRLING BRIDGE GENERAL TRADING,Haikou- China,STIRLING BRIDGE CHEMICALS TRADING L.L.C,Dubai- UAE,Origin:  China,Loading: Xi An- China,Discharge: Haikou- China,29178,Twenty Nine Thousand One Hundred Seventy Eight Euros only,Prime Prepainted Hot Dipped Galvalume Galvanized Steel Coil,29,TONS,1006.137931,29178,,,,,,,,,,,,,,,,,,,,,,EURO,28-Dec-2018,
SB1479-CL,PECUNION CHEMICALS DMCC,Dubai- UAE,SUD-CHEMIE INDIA PVT. LTD,Gujarat- India,STIRLING BRIDGE GENERAL TRADING,Haikou- China,STIRLING BRIDGE CHEMICALS TRADING L.L.C,Dubai- UAE,Origin:  India,Loading: Gujarat- India,Discharge: Haikou- China,990000,Nine Hundred Ninety Thousand Euros only,Dx8364 En13501-5-2005+A1-2009 Horizontal Vertical Construction Materials Testing Equipment for Building Component,2,PCS,224719.1011,449438.2022,Remote Controlآ Buildingآ Materialآ Security Fast Speed PVC Folding Aluminium Door (Hz-FC05623),450,PCS,1201.248439,540561.7978,,,,,,,,,,,,,,,,,EURO,8-Dec-2018,
SB1491-CL,,,APPLIED INNOVATION MANAGEMENT IN SWEDEN AB,Stockholm- Sweden,STIRLING BRIDGE GENERAL TRADING,Haikou- China,STIRLING BRIDGE CHEMICALS TRADING L.L.C,Dubai- UAE,Origin:  Sweden,Loading: Stockholm- Sweden,Discharge: Haikou- China,122444,One Hundred Twenty Two Thousand Four Hundred Forty Four Euros only,SGS Prefab Building Material Steel Construction,2226,SQUARE METERS,55.00628931,122444,,,,,,,,,,,,,,,,,,,,,,EURO,28-Dec-2018,
SB1452-CL,ZK TECO SECURITY LLC,Dubai- UAE,ACT SINO INTERNATIONAL LIMITED,Hong Kong- China,STIRLING BRIDGE GENERAL TRADING,Haikou- China,STIRLING BRIDGE CHEMICALS TRADING L.L.C,Dubai- UAE,Origin:  China,Loading: Hong Kong- China,Discharge: Haikou- China,1045377,One Million Forty Five Thousand Three Hundred Seventy Seven Dirhams only,Cold Rolled Metal Roof Sheet Galvalume Galvanized Prepainted Steel Coil PPGI,116,TONS,272.479564,31607.62943,ASTM Cold Rolled Stainless Steel Sheet Building Material (304  316  317  904  2205),168,TONS,6034.341492,1013769.371,,,,,,,,,,,,,,,,,AED,18-Dec-2018,
SB1404-CL,TAICHI HOLDINGS MIDDLE EAST FZE,Dubai- UAE,Refarmed Chemicals Switzerland,Lugano- Switzerland,STIRLING BRIDGE GENERAL TRADING,Haikou- China,STIRLING BRIDGE CHEMICALS TRADING L.L.C,Dubai- UAE,Origin:  Switzerland,Loading: Lugano- Switzerland,Discharge: Haikou- China,2040212,Two Million Forty Thousand Two Hundred Twelve Dirhams only,Glass Aluminum Sliding Door,7868,SQUARE METERS,62.67029973,493089.9183,Wrinkle PPGI,2062,TONS,750.3016885,1547122.082,,,,,,,,,,,,,,,,,AED,7-Dec-2018,
SB1467-CL,SYED NAEEM GENERAL TRADING LLC,Dubai- UAE,ACT SINO INTERNATIONAL LIMITED,Hong Kong- China,STIRLING BRIDGE GENERAL TRADING,Haikou- China,STIRLING BRIDGE CHEMICALS TRADING L.L.C,Dubai- UAE,Origin:  China,Loading: Hong Kong- China,Discharge: Haikou- China,756108,Seven Hundred Fifty Six Thousand One Hundred Eight Dirhams only,White Color Artificial Building Materials Quartz Stone Decoration for Countertop,8401,SQUARE METERS,90.0021426,756108,,,,,,,,,,,,,,,,,,,,,,AED,28-Dec-2018,
SB1441-CL,SBC COOPERATION DMCC,Dubai- UAE,ACT SINO INTERNATIONAL LIMITED,Hong Kong- China,STIRLING BRIDGE GENERAL TRADING,Haikou- China,STIRLING BRIDGE CHEMICALS TRADING L.L.C,Dubai- UAE,Origin:  China,Loading: Hong Kong- China,Discharge: Haikou- China,2000000,Two Million Dirhams only,Q345 Large Span Steel Structure,12912,M3,14.98637602,193504.0872,Dx8364 En13501-5-2005+A1-2009 Horizontal Vertical Construction Materials Testing Equipment for Building Component,9,PCS,200721.7681,1806495.913,,,,,,,,,,,,,,,,,AED,17-Dec-2018,
SB1451-CL,RHV INTERNATIONAL GENERAL TRADING FZE,Dubai- UAE,ACT SINO INTERNATIONAL LIMITED,Hong Kong- China,STIRLING BRIDGE GENERAL TRADING,Haikou- China,STIRLING BRIDGE CHEMICALS TRADING L.L.C,Dubai- UAE,Origin:  China,Loading: Hong Kong- China,Discharge: Haikou- China,5000000,Five Million Dirhams only,Fully Automatic Reinforced Lintel Machine,504,SETS,2452.316076,1235967.302,PVDF/PE ACP Acm Aluminum Composite Panel,1254,TONS,3001.620971,3764032.698,,,,,,,,,,,,,,,,,AED,24-Dec-2018,
SB1448-CL,NOBLEFU GENERAL TRADING LLC,Dubai- UAE,Refarmed Chemicals Switzerland,Lugano- Switzerland,STIRLING BRIDGE GENERAL TRADING,Haikou- China,STIRLING BRIDGE CHEMICALS TRADING L.L.C,Dubai- UAE,Origin:  Switzerland,Loading: Lugano- Switzerland,Discharge: Haikou- China,6338438,Six Million Three Hundred Thirty Eight Thousand Four Hundred Thirty Eight Dirhams only,Lightweight Stone Aluminum Honeycomb Panels,29307,SQUARE METERS,26.97547684,790570.2997,Ringlock System Scaffold Lattice Girder O-Type HDG,32973,PCS,27.2479564,898446.8665,Machinery Lightweight Wall Panel Machine,543,TONS,TONS,4649420.834,,,,,,,,,,,,AED,20-Dec-2018,
SB1425-CL,NIOLIT INDUSTRIAL EQUIPMENT AND SPARE PARTS TRADING LLC,Dubai- UAE,SUD-CHEMIE INDIA PVT. LTD,Gujarat- India,STIRLING BRIDGE GENERAL TRADING,Haikou- China,STIRLING BRIDGE CHEMICALS TRADING L.L.C,Dubai- UAE,Origin:  India,Loading: Gujarat- India,Discharge: Haikou- China,520777,Five Hundred Twenty Thousand Seven Hundred Seventy Seven Dirhams only,Gypsum Block Production Line,5,SETS,104155.4,520777,,,,,,,,,,,,,,,,,,,,,,AED,4-Dec-2018,
SB1445-CL,NIA LIMITED,Dubai- UAE,ACT SINO INTERNATIONAL LIMITED,Hong Kong- China,STIRLING BRIDGE GENERAL TRADING,Haikou- China,STIRLING BRIDGE CHEMICALS TRADING L.L.C,Dubai- UAE,Origin:  China,Loading: Hong Kong- China,Discharge: Haikou- China,1320860,One Million Three Hundred Twenty Thousand Eight Hundred Sixty Dirhams only,Fully Automatic Reinforced Lintel Machine,29,SETS,2452.316076,71117.16621,Machinery Lightweight Wall Panel Machine,124,TONS,10078.57124,1249742.834,,,,,,,,,,,,,,,,,AED,8-Dec-2018,
SB1474-CL,J.O (M.E) ENGINEERING LLC,Dubai- UAE,SUD-CHEMIE INDIA PVT. LTD,Gujarat- India,STIRLING BRIDGE GENERAL TRADING,Haikou- China,STIRLING BRIDGE CHEMICALS TRADING L.L.C,Dubai- UAE,Origin:  India,Loading: Gujarat- India,Discharge: Haikou- China,964698,Nine Hundred Sixty Four Thousand Six Hundred Ninety Eight Dirhams only,Facadeآ Buildingآ Decorativeآ Materialآ ACP/Mcp/A2 Fr Aluminum Composite Panel,4475,SQUARE METERS,9.536784741,42677.11172,Aluminium Bi-Fold Door and Glass Accordion Door,2634,PCS,350.0458953,922020.8883,,,,,,,,,,,,,,,,,AED,27-Dec-2018,
SB1471-CL,,,HYK TRADING ENTERPRISES LTD,Labuan- Malaysia,STIRLING BRIDGE GENERAL TRADING,Haikou- China,STIRLING BRIDGE CHEMICALS TRADING L.L.C,Dubai- UAE,Origin:  Malaysia,Loading: Labuan- Malaysia,Discharge: Haikou- China,1106358.5,One Million One Hundred Six Thousand Three Hundred Fifty Eight 50/100 Dirhams only,Wrought Iron Doors Entrance Doors Design,222,SETS,762.9427793,169373.297,Preformated Aluminum Honeycomb Panel,31232,SQUARE METERS,30.00080696,936985.203,,,,,,,,,,,,,,,,,AED,25-Dec-2018,
SB1419-CL,HAPPY MINT GENERAL TRADING LLC,Dubai- UAE,SUD-CHEMIE INDIA PVT. LTD,Gujarat- India,STIRLING BRIDGE GENERAL TRADING,Haikou- China,STIRLING BRIDGE CHEMICALS TRADING L.L.C,Dubai- UAE,Origin:  India,Loading: Gujarat- India,Discharge: Haikou- China,722933,Seven Hundred Twenty Two Thousand Nine Hundred Thirty Three Dirhams only,12mm Building Material Artificial Stone Acrylic Solid Surface Corian,1352,PCS,32.69754768,44207.08447,Colored Coated Aluminum / Aluminium Wall Cladding,169,TONS,4016.129678,678725.9155,,,,,,,,,,,,,,,,,AED,13-Dec-2018,
SB1422-CL,,,GOLDEN TRUST BUILDING MATERIALS TRADING,Labuan- Malaysia,STIRLING BRIDGE GENERAL TRADING,Haikou- China,STIRLING BRIDGE CHEMICALS TRADING L.L.C,Dubai- UAE,Origin:  Malaysia,Loading: Labuan- Malaysia,Discharge: Haikou- China,764516,Seven Hundred Sixty Four Thousand Five Hundred Sixteen Dirhams only,A36 Carbon Checkered Floor Steel Plate/Ms Checkered Plate,1092,TONS,700.1062271,764516,,,,,,,,,,,,,,,,,,,,,,AED,8-Dec-2018,
SB1397-CL,GOLDEN TRUST BUILDING MATERIALS TRADING,Dubai- UAE,SUD-CHEMIE INDIA PVT. LTD,Gujarat- India,STIRLING BRIDGE GENERAL TRADING,Haikou- China,STIRLING BRIDGE CHEMICALS TRADING L.L.C,Dubai- UAE,Origin:  India,Loading: Gujarat- India,Discharge: Haikou- China,618578,Six Hundred Eighteen Thousand Five Hundred Seventy Eight Dirhams only,0.15*665mm Ral3009 PPGI Corrugated Prepainted Steel Roofing Sheet,259,TONS,223.4332425,57869.20981,Single Story Warehouse Steel Structure,7008,SQUARE METERS,80.00981595,560708.7902,,,,,,,,,,,,,,,,,AED,4-Dec-2018,
SB1438-CL,,,GOLDEN LEAF GENERAL TRADING LLC,Labuan- Malaysia,STIRLING BRIDGE GENERAL TRADING,Haikou- China,STIRLING BRIDGE CHEMICALS TRADING L.L.C,Dubai- UAE,Origin:  Malaysia,Loading: Labuan- Malaysia,Discharge: Haikou- China,6835656,Six Million Eight Hundred Thirty Five Thousand Six Hundred Fifty Six Dirhams only,Hollow Stone Pillar Granite Roman Column,5841,PCS,204.359673,1193664.85,Prime Prepainted Hot Dipped Galvalume Galvanized Steel Coil,5757,TONS,980.0227809,5641991.15,,,,,,,,,,,,,,,,,AED,20-Dec-2018,
SB1460-CL,ASAD HUSSAIN ALI KIKHA GENERAL TRADING,Dubai- UAE,Refarmed Chemicals Switzerland,Lugano- Switzerland,STIRLING BRIDGE GENERAL TRADING,Haikou- China,STIRLING BRIDGE CHEMICALS TRADING L.L.C,Dubai- UAE,Origin:  Switzerland,Loading: Lugano- Switzerland,Discharge: Haikou- China,771809,Seven Hundred Seventy One Thousand Eight Hundred Nine Dirhams only,Corrugated Prime Cold Rolled Hot Dipped Zinc Prepainted Color Coated PPGI PPGL Galvalume Galvanized Steel Sheet,857,TONS,900.5939323,771809,,,,,,,,,,,,,,,,,,,,,,AED,27-Dec-2018,
